<?xml version="1.0" encoding="utf-8" ?>
    <MenuRoot>
        <Menu id="menu1" text="Menu 1" url="#menu1" icon="fa-home">
            <SubMenu id="item11" text="Sub-Menu 11" url="#/11"></SubMenu>
            <SubMenu id="item12" text="Sub-Menu 12" url="#/12"></SubMenu>
            <SubMenu id="item13" text="Sub-Menu 13" url="#/13"></SubMenu>
        </Menu>

        <Menu id="menu2" text="Menu 2" url="#menu2" icon="fa-list">
            <SubMenu id="item21" text="Sub-Menu 21" url="#/21"></SubMenu>
            <SubMenu id="item22" text="Sub-Menu 22" url="#/22"></SubMenu>
        </Menu>

        <Menu id="menu3" text="Menu 3" url="#menu3" icon="fa-briefcase">
            <SubMenu id="item31" text="Sub-Menu 31" url="#/31"></SubMenu>
            <SubMenu id="item32" text="Sub-Menu 32" url="#/32"></SubMenu>
            <SubMenu id="item33" text="Sub-Menu 33" url="#/33"></SubMenu>
        </Menu>

        <Menu id="menu4" text="Menu 4" url="#" icon="fa-picture-o"></Menu>

        <Menu id="menu5" text="Menu 5" url="#menu5" icon="fa-info-circle">
            <SubMenu id="item51" text="Sub-Menu 51" url="#/51"></SubMenu>
            <SubMenu id="item52" text="Sub-Menu 52" url="#/52"></SubMenu>
        </Menu>
    </MenuRoot>